trained_original,input_original,input_size,generation_num,similarity_to_trained,similarity_to_input
paradise_lost.txt,treasure_island.txt,3,100,0.9155253276894131,0.9032576767462568
divine_comedy.txt,shakespeare.txt,1,100,0.9294110385233993,0.7708533162083299
treasure_island.txt,shakespeare.txt,5,100,0.9641250254543325,0.8311654862338109
treasure_island.txt,paradise_lost.txt,5,100,0.9618753151219817,0.8577839947756496
iliad.txt,treasure_island.txt,1,100,0.9675958947177449,0.8719958296483626
paradise_lost.txt,iliad.txt,1,100,0.9416680687611558,0.9356183049239248
treasure_island.txt,treasure_island.txt,1,100,0.9650401920690992,0.9650401920690992
treasure_island.txt,treasure_island.txt,3,100,0.9671915498973384,0.9671915498973384
iliad.txt,iliad.txt,5,100,0.9670910306442324,0.9670910306442324
iliad.txt,treasure_island.txt,3,100,0.9647129130385683,0.8897970714572353
paradise_lost.txt,iliad.txt,3,100,0.9392121203935577,0.9418926310046447
divine_comedy.txt,shakespeare.txt,3,100,0.9245131739569961,0.777650406637298
paradise_lost.txt,treasure_island.txt,1,100,0.9186597833063948,0.8876698609292676
paradise_lost.txt,treasure_island.txt,5,100,0.9208785350744482,0.9234680023042321
treasure_island.txt,shakespeare.txt,3,100,0.9684094516721722,0.8311902239396831
treasure_island.txt,paradise_lost.txt,3,100,0.9576574432321192,0.8709311005525758
iliad.txt,iliad.txt,1,100,0.9627610069459062,0.9627610069459062
treasure_island.txt,treasure_island.txt,5,100,0.972942395596847,0.972942395596847
iliad.txt,iliad.txt,3,100,0.965091443769613,0.965091443769613
paradise_lost.txt,iliad.txt,5,100,0.9385183299113542,0.9512817348706715
iliad.txt,treasure_island.txt,5,100,0.9507586818016514,0.8777235021533054
treasure_island.txt,paradise_lost.txt,1,100,0.9608651792848513,0.8513893253320933
treasure_island.txt,shakespeare.txt,1,100,0.9655019990315233,0.7909425494145431
divine_comedy.txt,shakespeare.txt,5,100,0.9342344697859085,0.8235053282258111
divine_comedy.txt,treasure_island.txt,3,100,0.9335813497828245,0.8817706851299945
divine_comedy.txt,paradise_lost.txt,3,100,0.9464820780880503,0.842530288569338
shakespeare.txt,paradise_lost.txt,3,100,0.9331623919653278,0.9008360243831787
iliad.txt,divine_comedy.txt,3,100,0.9648293693196596,0.8874772689937361
paradise_lost.txt,shakespeare.txt,5,100,0.9447014453330308,0.8662556801419062
shakespeare.txt,shakespeare.txt,1,100,0.9369555202826468,0.9369555202826468
treasure_island.txt,iliad.txt,5,100,0.9643834093252328,0.944183317828292
paradise_lost.txt,paradise_lost.txt,5,100,0.9578564889906906,0.9578564889906906
shakespeare.txt,shakespeare.txt,3,100,0.9403213091431007,0.9403213091431007
iliad.txt,divine_comedy.txt,1,100,0.9622196193853747,0.8602437624993884
divine_comedy.txt,paradise_lost.txt,1,100,0.9336168336768532,0.8190651697803735
shakespeare.txt,paradise_lost.txt,1,100,0.9407261228287389,0.8862706431582961
divine_comedy.txt,treasure_island.txt,1,100,0.934298864479246,0.8801391705146514
divine_comedy.txt,treasure_island.txt,5,100,0.9307865820158084,0.899334504740581
shakespeare.txt,paradise_lost.txt,5,100,0.9365492322136577,0.9127790414245519
divine_comedy.txt,paradise_lost.txt,5,100,0.9524242691863594,0.8515034383590899
iliad.txt,divine_comedy.txt,5,100,0.9703442289385311,0.8927444682850645
paradise_lost.txt,shakespeare.txt,3,100,0.9331816054298059,0.8287263527195805
paradise_lost.txt,paradise_lost.txt,1,100,0.9453045945437588,0.9453045945437588
treasure_island.txt,iliad.txt,1,100,0.9587074881493031,0.9377300064740427
treasure_island.txt,iliad.txt,3,100,0.9618180298989587,0.9426494426213314
paradise_lost.txt,paradise_lost.txt,3,100,0.9282026489401164,0.9282026489401164
shakespeare.txt,shakespeare.txt,5,100,0.9558238802357212,0.9558238802357212
paradise_lost.txt,shakespeare.txt,1,100,0.930117142383117,0.7900756894656221
shakespeare.txt,iliad.txt,1,100,0.9090286688015893,0.8661361716573146
iliad.txt,paradise_lost.txt,3,100,0.9705026275747126,0.8749706753653379
divine_comedy.txt,divine_comedy.txt,3,100,0.9491987075989419,0.9491987075989419
shakespeare.txt,divine_comedy.txt,3,100,0.9350005653085979,0.9157807233405797
divine_comedy.txt,divine_comedy.txt,1,100,0.9241202215119184,0.9241202215119184
shakespeare.txt,divine_comedy.txt,1,100,0.9373208062577041,0.8926159952698011
iliad.txt,paradise_lost.txt,1,100,0.9586049119744869,0.804333226986402
shakespeare.txt,iliad.txt,3,100,0.9121507484555679,0.9091372454087797
paradise_lost.txt,divine_comedy.txt,5,100,0.9354677221412757,0.9310599027594063
paradise_lost.txt,divine_comedy.txt,1,100,0.919413701080855,0.9137617943903462
iliad.txt,paradise_lost.txt,5,100,0.9679334400676889,0.8670758702683713
shakespeare.txt,divine_comedy.txt,5,100,0.9241710071574278,0.9151281513231644
divine_comedy.txt,divine_comedy.txt,5,100,0.9437395918215147,0.9437395918215147
shakespeare.txt,iliad.txt,5,100,0.9146048470669974,0.9042644612435471
paradise_lost.txt,divine_comedy.txt,3,100,0.9490150400897771,0.9241866411999287
divine_comedy.txt,iliad.txt,1,100,0.9344811956357801,0.9270659556364204
treasure_island.txt,divine_comedy.txt,5,100,0.9552245222662213,0.8965834352605226
shakespeare.txt,treasure_island.txt,5,100,0.9189096101618053,0.9206287458296042
iliad.txt,shakespeare.txt,5,100,0.9685170238063707,0.7743044684302282
divine_comedy.txt,iliad.txt,3,100,0.940866981924025,0.9271071195494043
treasure_island.txt,divine_comedy.txt,3,100,0.9618382061802458,0.9075165204678024
iliad.txt,shakespeare.txt,1,100,0.9627148036010819,0.7169292472530195
shakespeare.txt,treasure_island.txt,3,100,0.9310483253950154,0.8948214018169891
shakespeare.txt,treasure_island.txt,1,100,0.9468977701792815,0.8791009806390386
iliad.txt,shakespeare.txt,3,100,0.967818895711327,0.753032744401936
treasure_island.txt,divine_comedy.txt,1,100,0.9532659975027409,0.8812015865404599
divine_comedy.txt,iliad.txt,5,100,0.9328275129684293,0.940401460398778
treasure_island.txt,iliad.txt,3a,200,0.9690372533124655,0.9423490541365246
iliad.txt,paradise_lost.txt,1a,200,0.9706172206497511,0.8349347218585926
iliad.txt,divine_comedy.txt,5a,200,0.9744512165196023,0.9022491700425739
shakespeare.txt,divine_comedy.txt,3a,200,0.9448566073136389,0.9326078564123871
iliad.txt,treasure_island.txt,3a,200,0.972852926537044,0.9015862982424556
paradise_lost.txt,divine_comedy.txt,5a,200,0.9307587702388683,0.9438357125165028
paradise_lost.txt,paradise_lost.txt,1a,200,0.9429822029140207,0.9429822029140207
divine_comedy.txt,shakespeare.txt,1a,200,0.9459717146851754,0.7954029921485776
paradise_lost.txt,iliad.txt,1a,200,0.938634863061989,0.9584464655416298
iliad.txt,iliad.txt,5a,200,0.975890257794778,0.975890257794778
treasure_island.txt,treasure_island.txt,1a,200,0.9686602648490165,0.9686602648490165
treasure_island.txt,shakespeare.txt,1a,200,0.9726529820649966,0.8074547624721466
treasure_island.txt,paradise_lost.txt,5a,200,0.9686633038110644,0.8928885541233906
treasure_island.txt,divine_comedy.txt,1a,200,0.9743574780365436,0.8972264667238736
divine_comedy.txt,treasure_island.txt,5a,200,0.9471948616550515,0.9134365832381672
divine_comedy.txt,divine_comedy.txt,1a,200,0.9451914119371717,0.9451914119371717
divine_comedy.txt,paradise_lost.txt,5a,200,0.9669721589097382,0.8815041566393127
shakespeare.txt,treasure_island.txt,1a,200,0.9483042875725668,0.9037232616048568
paradise_lost.txt,shakespeare.txt,3a,200,0.9475484043647024,0.8545601697307461
shakespeare.txt,iliad.txt,5a,200,0.9338227758590026,0.9136852976889444
paradise_lost.txt,treasure_island.txt,1a,200,0.921934625058649,0.8953045531899793
iliad.txt,shakespeare.txt,1a,200,0.9681123538974103,0.7073360292658721
iliad.txt,iliad.txt,3a,200,0.9757915472513603,0.9757915472513603
treasure_island.txt,iliad.txt,5a,200,0.9611902639363464,0.9484551207995232
iliad.txt,divine_comedy.txt,3a,200,0.9752520649425489,0.8895430362022784
shakespeare.txt,paradise_lost.txt,1a,200,0.942569360878732,0.8936473857232116
shakespeare.txt,divine_comedy.txt,5a,200,0.9461141238475828,0.9459843087227048
paradise_lost.txt,divine_comedy.txt,3a,200,0.9493201486762519,0.9346938293042836
iliad.txt,treasure_island.txt,5a,200,0.9703723882327315,0.9103425403799372
shakespeare.txt,shakespeare.txt,1a,200,0.9541363640028956,0.9541363640028956
paradise_lost.txt,shakespeare.txt,5a,200,0.9438237127385066,0.8604004573933031
divine_comedy.txt,iliad.txt,1a,200,0.9452110738614046,0.9302426462449216
shakespeare.txt,iliad.txt,3a,200,0.9522425384194134,0.8728274606544411
treasure_island.txt,paradise_lost.txt,3a,200,0.9661320340819637,0.8802652128739273
divine_comedy.txt,treasure_island.txt,3a,200,0.9452674203628493,0.9051308818593108
divine_comedy.txt,paradise_lost.txt,3a,200,0.9560987597022084,0.8426399275904508
treasure_island.txt,treasure_island.txt,5a,200,0.9783383943285591,0.9783383943285591
iliad.txt,iliad.txt,1a,200,0.975484023278705,0.975484023278705
iliad.txt,shakespeare.txt,3a,200,0.9724566515107682,0.7546521919046335
paradise_lost.txt,treasure_island.txt,3a,200,0.9465542865078788,0.9131919337729909
shakespeare.txt,shakespeare.txt,3a,200,0.9573264476282924,0.9573264476282924
paradise_lost.txt,iliad.txt,5a,200,0.9343257024694548,0.9640042724717662
divine_comedy.txt,shakespeare.txt,5a,200,0.9620037817536965,0.8440349607723011
paradise_lost.txt,divine_comedy.txt,1a,200,0.9426332703492977,0.918253349938891
paradise_lost.txt,paradise_lost.txt,5a,200,0.9543210183447575,0.9543210183447575
shakespeare.txt,paradise_lost.txt,3a,200,0.9396161857686178,0.9212375895866386
iliad.txt,paradise_lost.txt,5a,200,0.9735315184207674,0.8757585541617134
iliad.txt,divine_comedy.txt,1a,200,0.9696708736363832,0.8722833011788118
shakespeare.txt,iliad.txt,1a,200,0.9491578076706416,0.8549232731389872
divine_comedy.txt,iliad.txt,3a,200,0.9450272657049233,0.9408358441603658
shakespeare.txt,treasure_island.txt,5a,200,0.9533973410257853,0.9270017404958929
divine_comedy.txt,divine_comedy.txt,5a,200,0.9613312146181696,0.9613312146181696
divine_comedy.txt,paradise_lost.txt,1a,200,0.9476365857825636,0.8263097551812398
divine_comedy.txt,treasure_island.txt,1a,200,0.9441495324475816,0.8873726967240373
treasure_island.txt,paradise_lost.txt,1a,200,0.9698007754800815,0.8573618393754314
treasure_island.txt,divine_comedy.txt,5a,200,0.9739187406584732,0.9122685755891372
treasure_island.txt,shakespeare.txt,5a,200,0.976628615693328,0.8506971478758907
shakespeare.txt,shakespeare.txt,5a,200,0.9589420297738812,0.9589420297738812
paradise_lost.txt,iliad.txt,3a,200,0.9319861336115156,0.9598030730168385
divine_comedy.txt,shakespeare.txt,3a,200,0.9551541490353117,0.822299980037983
paradise_lost.txt,paradise_lost.txt,3a,200,0.9520041629208873,0.9520041629208873
iliad.txt,treasure_island.txt,1a,200,0.9716588748455859,0.8804581611798872
shakespeare.txt,paradise_lost.txt,5a,200,0.944491656059798,0.9215984612629992
shakespeare.txt,divine_comedy.txt,1a,200,0.9490319962753314,0.9088084700367279
treasure_island.txt,iliad.txt,1a,200,0.9698564113962477,0.9365371541501518
iliad.txt,paradise_lost.txt,3a,200,0.9747624653639121,0.8597246839626707
treasure_island.txt,treasure_island.txt,3a,200,0.9675211385883098,0.9675211385883098
iliad.txt,shakespeare.txt,5a,200,0.9736876734747256,0.7832515263048562
paradise_lost.txt,treasure_island.txt,5a,200,0.939525355943383,0.9295129492611841
divine_comedy.txt,divine_comedy.txt,3a,200,0.9560161978460834,0.9560161978460834
treasure_island.txt,divine_comedy.txt,3a,200,0.9663711075847524,0.9052126539627855
treasure_island.txt,shakespeare.txt,3a,200,0.9705236377182562,0.8198133550692844
divine_comedy.txt,iliad.txt,5a,200,0.9497026427519446,0.9493085236960055
paradise_lost.txt,shakespeare.txt,1a,200,0.9389059826957997,0.8026745035070452
shakespeare.txt,treasure_island.txt,3a,200,0.9417641754953617,0.9228231669902653
iliad.txt,iliad.txt,5b,200,0.9700967931607072,0.9700967931607072
treasure_island.txt,treasure_island.txt,1b,200,0.9608720686129496,0.9608720686129496
iliad.txt,divine_comedy.txt,5b,200,0.9581654737799759,0.8905604811981305
treasure_island.txt,iliad.txt,3b,200,0.9624550919297175,0.9411710321774203
iliad.txt,paradise_lost.txt,1b,200,0.9532993673707612,0.8330774071524355
shakespeare.txt,divine_comedy.txt,3b,200,0.9312833369932902,0.90984122100001
paradise_lost.txt,paradise_lost.txt,1b,200,0.9323770133081191,0.9323770133081191
paradise_lost.txt,divine_comedy.txt,5b,200,0.9145972303793598,0.9398478330815997
iliad.txt,treasure_island.txt,3b,200,0.9643916607857167,0.8946884569190109
divine_comedy.txt,shakespeare.txt,1b,200,0.9438673342038559,0.7977472809030582
paradise_lost.txt,iliad.txt,1b,200,0.9144310226465419,0.9296114254660794
shakespeare.txt,treasure_island.txt,1b,200,0.9373969283513013,0.863367641449061
paradise_lost.txt,shakespeare.txt,3b,200,0.9362872847863958,0.843484546157852
shakespeare.txt,iliad.txt,5b,200,0.9251641185041846,0.8928211773774439
treasure_island.txt,shakespeare.txt,1b,200,0.9605610072498963,0.8011115924767114
treasure_island.txt,divine_comedy.txt,1b,200,0.9542391189328275,0.8827139897697339
treasure_island.txt,paradise_lost.txt,5b,200,0.9560836872086097,0.8768308042518389
divine_comedy.txt,treasure_island.txt,5b,200,0.9545124887598097,0.9126141578686368
divine_comedy.txt,paradise_lost.txt,5b,200,0.9444854989029882,0.8445535821244339
divine_comedy.txt,divine_comedy.txt,1b,200,0.9305335544358998,0.9305335544358998
iliad.txt,divine_comedy.txt,3b,200,0.9715024426434913,0.8769292169925171
treasure_island.txt,iliad.txt,5b,200,0.9594659495877932,0.9392893375172164
shakespeare.txt,divine_comedy.txt,5b,200,0.9212388028886779,0.9317156254925941
shakespeare.txt,paradise_lost.txt,1b,200,0.925652877663717,0.879517410270481
iliad.txt,treasure_island.txt,5b,200,0.9644884737822804,0.9072337206407283
paradise_lost.txt,divine_comedy.txt,3b,200,0.9382267683837826,0.9324668660172704
shakespeare.txt,shakespeare.txt,1b,200,0.9228316961748687,0.9228316961748687
paradise_lost.txt,treasure_island.txt,1b,200,0.9090970899958047,0.8626901884469816
iliad.txt,shakespeare.txt,1b,200,0.9591651478739563,0.7215493924497648
iliad.txt,iliad.txt,3b,200,0.966790424531097,0.966790424531097
treasure_island.txt,paradise_lost.txt,3b,200,0.9595752613205807,0.8649635313279092
divine_comedy.txt,treasure_island.txt,3b,200,0.9319069105591485,0.8830509025231182
divine_comedy.txt,paradise_lost.txt,3b,200,0.9333367638416967,0.8389878345418789
paradise_lost.txt,shakespeare.txt,5b,200,0.9308551861579131,0.8553889419740001
divine_comedy.txt,iliad.txt,1b,200,0.9314408498193063,0.9118756593731491
shakespeare.txt,iliad.txt,3b,200,0.9214206157103293,0.8683696333944043
shakespeare.txt,shakespeare.txt,3b,200,0.9526090689345122,0.9526090689345122
paradise_lost.txt,iliad.txt,5b,200,0.9345492949405461,0.9507066128627223
divine_comedy.txt,shakespeare.txt,5b,200,0.9499674144167737,0.8344163474308055
paradise_lost.txt,paradise_lost.txt,5b,200,0.9547568976498756,0.9547568976498756
paradise_lost.txt,divine_comedy.txt,1b,200,0.9297968489330817,0.9242403293806243
shakespeare.txt,paradise_lost.txt,3b,200,0.9478245351139201,0.8913985534109615
iliad.txt,divine_comedy.txt,1b,200,0.9556726328606595,0.8627491324770097
iliad.txt,paradise_lost.txt,5b,200,0.9686447325599213,0.8532756694894269
treasure_island.txt,treasure_island.txt,5b,200,0.9729100741745856,0.9729100741745856
iliad.txt,iliad.txt,1b,200,0.9615396078312402,0.9615396078312402
iliad.txt,shakespeare.txt,3b,200,0.9659657293442008,0.7250960456027682
paradise_lost.txt,treasure_island.txt,3b,200,0.9361201879481824,0.906608588553789
divine_comedy.txt,paradise_lost.txt,1b,200,0.9318998318911969,0.8060120338390827
divine_comedy.txt,divine_comedy.txt,5b,200,0.9445568448674344,0.9445568448674344
divine_comedy.txt,treasure_island.txt,1b,200,0.9270959469565297,0.8758323589132304
treasure_island.txt,divine_comedy.txt,5b,200,0.9616987269557292,0.9103785435883411
treasure_island.txt,paradise_lost.txt,1b,200,0.9540847171421745,0.8546307459366851
treasure_island.txt,shakespeare.txt,5b,200,0.9649254583136442,0.8626496752559093
shakespeare.txt,iliad.txt,1b,200,0.9341413404023646,0.8654507176680277
divine_comedy.txt,iliad.txt,3b,200,0.9372101762504523,0.9332271119316045
shakespeare.txt,treasure_island.txt,5b,200,0.9293806190024239,0.9105357772992365
treasure_island.txt,treasure_island.txt,3b,200,0.9669759178742502,0.9669759178742502
iliad.txt,shakespeare.txt,5b,200,0.9695810421970348,0.7821040258851663
paradise_lost.txt,treasure_island.txt,5b,200,0.9189140001875276,0.9183915967147198
shakespeare.txt,shakespeare.txt,5b,200,0.94628487137153,0.94628487137153
paradise_lost.txt,iliad.txt,3b,200,0.9307079783037338,0.9394035725654865
divine_comedy.txt,shakespeare.txt,3b,200,0.9451059459991556,0.8200823372678445
iliad.txt,treasure_island.txt,1b,200,0.9700199009746097,0.8764205272472066
paradise_lost.txt,paradise_lost.txt,3b,200,0.9382192023430211,0.9382192023430211
shakespeare.txt,divine_comedy.txt,1b,200,0.9435645841570118,0.8716817813317346
shakespeare.txt,paradise_lost.txt,5b,200,0.9350048617787929,0.9115912606554991
treasure_island.txt,iliad.txt,1b,200,0.95946447878333,0.9388605635697704
iliad.txt,paradise_lost.txt,3b,200,0.9692677353098456,0.8425331390809071
divine_comedy.txt,iliad.txt,5b,200,0.9299629130795851,0.9324851244485034
paradise_lost.txt,shakespeare.txt,1b,200,0.9244516768371774,0.7790392096382202
shakespeare.txt,treasure_island.txt,3b,200,0.9226772109826109,0.911296003997354
divine_comedy.txt,divine_comedy.txt,3b,200,0.9487170314927755,0.9487170314927755
treasure_island.txt,divine_comedy.txt,3b,200,0.9597335767371753,0.8960310137766733
treasure_island.txt,shakespeare.txt,3b,200,0.9710427642594199,0.818955411684041
treasure_island.txt,treasure_island.txt,1c,200,0.9641373449690385,0.9641373449690385
iliad.txt,iliad.txt,5c,200,0.9654091985984066,0.9654091985984066
paradise_lost.txt,iliad.txt,1c,200,0.9174841162826373,0.9538315955862509
divine_comedy.txt,shakespeare.txt,1c,200,0.9306217240647068,0.7547562177427934
iliad.txt,treasure_island.txt,3c,200,0.9573184345708265,0.8838373259906291
paradise_lost.txt,paradise_lost.txt,1c,200,0.925015161812499,0.925015161812499
paradise_lost.txt,divine_comedy.txt,5c,200,0.9280411082538471,0.9345723532665003
shakespeare.txt,divine_comedy.txt,3c,200,0.9268094694210534,0.919336540575845
iliad.txt,divine_comedy.txt,5c,200,0.9600654375350978,0.8861160340658735
iliad.txt,paradise_lost.txt,1c,200,0.9749234850540932,0.8612034148930622
treasure_island.txt,iliad.txt,3c,200,0.950512143993932,0.9501190720645845
shakespeare.txt,iliad.txt,5c,200,0.9234561002153665,0.9068302229089789
paradise_lost.txt,shakespeare.txt,3c,200,0.9305590024612564,0.8275158495818599
shakespeare.txt,treasure_island.txt,1c,200,0.9318892990903204,0.8948850186801718
divine_comedy.txt,paradise_lost.txt,5c,200,0.948706389926445,0.8525970536168048
divine_comedy.txt,divine_comedy.txt,1c,200,0.9293731939152456,0.9293731939152456
divine_comedy.txt,treasure_island.txt,5c,200,0.9493529630532086,0.9117949365746286
treasure_island.txt,divine_comedy.txt,1c,200,0.9531013445139956,0.8700902292699886
treasure_island.txt,paradise_lost.txt,5c,200,0.9592794428944164,0.8654220382070381
treasure_island.txt,shakespeare.txt,1c,200,0.9667603784691885,0.8083789581803577
shakespeare.txt,shakespeare.txt,1c,200,0.93856714105821,0.93856714105821
paradise_lost.txt,divine_comedy.txt,3c,200,0.923016974457228,0.9173494418296587
iliad.txt,treasure_island.txt,5c,200,0.963639428461388,0.8996959237728583
shakespeare.txt,divine_comedy.txt,5c,200,0.9267160689325782,0.9205452624981547
shakespeare.txt,paradise_lost.txt,1c,200,0.939835810549881,0.8847888557151846
iliad.txt,divine_comedy.txt,3c,200,0.9683359954254895,0.880799661732198
treasure_island.txt,iliad.txt,5c,200,0.9552214520948302,0.9365377801917606
iliad.txt,iliad.txt,3c,200,0.9584519106717403,0.9584519106717403
iliad.txt,shakespeare.txt,1c,200,0.9646069099693116,0.6818156467163481
paradise_lost.txt,treasure_island.txt,1c,200,0.9350658143977058,0.8956397661033455
divine_comedy.txt,paradise_lost.txt,3c,200,0.9514959944938015,0.8411708676412522
divine_comedy.txt,treasure_island.txt,3c,200,0.9272070052889523,0.8770905643573331
treasure_island.txt,paradise_lost.txt,3c,200,0.9577779800401048,0.8620032248197546
shakespeare.txt,iliad.txt,3c,200,0.9336061842254832,0.875821059099574
divine_comedy.txt,iliad.txt,1c,200,0.9332149408007225,0.921399289112082
paradise_lost.txt,shakespeare.txt,5c,200,0.9444654437132509,0.8525531782048625
iliad.txt,divine_comedy.txt,1c,200,0.9674791462118105,0.8646494866539977
iliad.txt,paradise_lost.txt,5c,200,0.9721443081256103,0.8552189671748514
shakespeare.txt,paradise_lost.txt,3c,200,0.947064110335486,0.889752699787902
paradise_lost.txt,paradise_lost.txt,5c,200,0.9482703621662559,0.9482703621662559
paradise_lost.txt,divine_comedy.txt,1c,200,0.9178194064599287,0.9124444994692884
divine_comedy.txt,shakespeare.txt,5c,200,0.9589022837761809,0.8493793083623898
paradise_lost.txt,iliad.txt,5c,200,0.9152699266047426,0.9522003136620292
shakespeare.txt,shakespeare.txt,3c,200,0.9399975062861977,0.9399975062861977
paradise_lost.txt,treasure_island.txt,3c,200,0.9139126683447479,0.9061067931614448
iliad.txt,shakespeare.txt,3c,200,0.9633712410853189,0.7388055397100833
iliad.txt,iliad.txt,1c,200,0.9579368174467762,0.9579368174467762
treasure_island.txt,treasure_island.txt,5c,200,0.9682630466123123,0.9682630466123123
treasure_island.txt,shakespeare.txt,5c,200,0.9651601526397598,0.8330745838146371
treasure_island.txt,divine_comedy.txt,5c,200,0.9628375542572651,0.901737486232521
treasure_island.txt,paradise_lost.txt,1c,200,0.9633078869823183,0.8576961248947158
divine_comedy.txt,treasure_island.txt,1c,200,0.9250908659570546,0.8630586628433541
divine_comedy.txt,paradise_lost.txt,1c,200,0.926944256074226,0.7971244082210306
divine_comedy.txt,divine_comedy.txt,5c,200,0.9399517218164629,0.9399517218164629
shakespeare.txt,treasure_island.txt,5c,200,0.9430311212944101,0.9087363995839363
divine_comedy.txt,iliad.txt,3c,200,0.9338467462425775,0.9300451993196839
shakespeare.txt,iliad.txt,1c,200,0.9342996305815119,0.8574592172361609
paradise_lost.txt,treasure_island.txt,5c,200,0.9355634465833715,0.9172489655877074
iliad.txt,shakespeare.txt,5c,200,0.9676809952483925,0.7554231606335278
treasure_island.txt,treasure_island.txt,3c,200,0.9738424013590427,0.9738424013590427
iliad.txt,paradise_lost.txt,3c,200,0.959177588402058,0.8351911516969655
treasure_island.txt,iliad.txt,1c,200,0.9593985918317367,0.917579909956744
shakespeare.txt,divine_comedy.txt,1c,200,0.9436870871602135,0.8809406687192592
shakespeare.txt,paradise_lost.txt,5c,200,0.9364530037501899,0.9185041992324855
paradise_lost.txt,paradise_lost.txt,3c,200,0.9518275007094775,0.9518275007094775
iliad.txt,treasure_island.txt,1c,200,0.9557789145545652,0.8581100346315175
divine_comedy.txt,shakespeare.txt,3c,200,0.9429135313973356,0.8122699215392596
paradise_lost.txt,iliad.txt,3c,200,0.916059173645581,0.9545235052711389
shakespeare.txt,shakespeare.txt,5c,200,0.9460220455263066,0.9460220455263066
shakespeare.txt,treasure_island.txt,3c,200,0.9341803611738967,0.9092588722286411
paradise_lost.txt,shakespeare.txt,1c,200,0.952504956572662,0.8115588284585366
divine_comedy.txt,iliad.txt,5c,200,0.9371412241242651,0.9419985931325888
treasure_island.txt,shakespeare.txt,3c,200,0.9658142688180748,0.822173633260346
treasure_island.txt,divine_comedy.txt,3c,200,0.9620306013791038,0.9040470918423725
divine_comedy.txt,divine_comedy.txt,3c,200,0.9400217398472799,0.9400217398472799
shakespeare.txt,treasure_island.txt,1d,200,0.9501643068909297,0.9063711615785195
paradise_lost.txt,shakespeare.txt,3d,200,0.9490296688224826,0.8479446823290991
shakespeare.txt,iliad.txt,5d,200,0.9306579340989312,0.9254437890022843
treasure_island.txt,shakespeare.txt,1d,200,0.9749410737132461,0.8107380658622022
divine_comedy.txt,treasure_island.txt,5d,200,0.9539309979921664,0.9188567306177867
treasure_island.txt,divine_comedy.txt,1d,200,0.9681988317063628,0.894430605316171
treasure_island.txt,paradise_lost.txt,5d,200,0.9704774819932007,0.8930569798090797
divine_comedy.txt,paradise_lost.txt,5d,200,0.9580945326661808,0.8664728202836733
divine_comedy.txt,divine_comedy.txt,1d,200,0.9480788829576116,0.9480788829576116
iliad.txt,iliad.txt,5d,200,0.9743480428884351,0.9743480428884351
treasure_island.txt,treasure_island.txt,1d,200,0.9652253574060319,0.9652253574060319
iliad.txt,divine_comedy.txt,5d,200,0.9721262239934537,0.9051196054435908
treasure_island.txt,iliad.txt,3d,200,0.9649579436585675,0.9490325071396556
iliad.txt,paradise_lost.txt,1d,200,0.9721011783305291,0.8190138977245447
shakespeare.txt,divine_comedy.txt,3d,200,0.9498064848236742,0.9302888097472796
iliad.txt,treasure_island.txt,3d,200,0.974234936450076,0.9040083734867203
paradise_lost.txt,paradise_lost.txt,1d,200,0.9425732914686171,0.9425732914686171
paradise_lost.txt,divine_comedy.txt,5d,200,0.9434822296141727,0.9493226188729007
divine_comedy.txt,shakespeare.txt,1d,200,0.9513513861420695,0.8038317004814858
paradise_lost.txt,iliad.txt,1d,200,0.9270460580311202,0.954095057627564
divine_comedy.txt,treasure_island.txt,3d,200,0.9547699215266083,0.897665832904222
treasure_island.txt,paradise_lost.txt,3d,200,0.9631014119888661,0.8718494981177048
divine_comedy.txt,paradise_lost.txt,3d,200,0.9576332724682601,0.857564148599821
paradise_lost.txt,shakespeare.txt,5d,200,0.9364575705993484,0.847621409473009
divine_comedy.txt,iliad.txt,1d,200,0.9482476639017705,0.9391063209251939
shakespeare.txt,iliad.txt,3d,200,0.9500701392711753,0.8806147518851843
iliad.txt,divine_comedy.txt,3d,200,0.9746193223048406,0.8878393616939232
treasure_island.txt,iliad.txt,5d,200,0.9621182781536224,0.953935147473941
shakespeare.txt,divine_comedy.txt,5d,200,0.9376137701347773,0.9364179454516196
shakespeare.txt,paradise_lost.txt,1d,200,0.9384715243862544,0.8960688677666006
paradise_lost.txt,divine_comedy.txt,3d,200,0.9448548069830621,0.9422439781129228
iliad.txt,treasure_island.txt,5d,200,0.9638661221301991,0.9026160255011513
shakespeare.txt,shakespeare.txt,1d,200,0.9588769875091929,0.9588769875091929
paradise_lost.txt,treasure_island.txt,1d,200,0.9380366388585494,0.8987262461566716
iliad.txt,shakespeare.txt,1d,200,0.971350940500605,0.7103484107564976
iliad.txt,iliad.txt,3d,200,0.9759381524697761,0.9759381524697761
divine_comedy.txt,paradise_lost.txt,1d,200,0.9428921273461335,0.8202196948396232
divine_comedy.txt,divine_comedy.txt,5d,200,0.9567711954967438,0.9567711954967438
treasure_island.txt,divine_comedy.txt,5d,200,0.9700316545537313,0.9210182496180013
treasure_island.txt,paradise_lost.txt,1d,200,0.9634028015532848,0.8483421697414989
divine_comedy.txt,treasure_island.txt,1d,200,0.9489650032598631,0.88561977209368
treasure_island.txt,shakespeare.txt,5d,200,0.9780592829601814,0.8601155158335437
shakespeare.txt,iliad.txt,1d,200,0.9425207029271481,0.8761160867111505
divine_comedy.txt,iliad.txt,3d,200,0.9503514755091538,0.942117942721256
shakespeare.txt,treasure_island.txt,5d,200,0.9529695173394195,0.9290813998088197
paradise_lost.txt,iliad.txt,5d,200,0.9331121533798176,0.9687772109889781
shakespeare.txt,shakespeare.txt,3d,200,0.9604654235411797,0.9604654235411797
divine_comedy.txt,shakespeare.txt,5d,200,0.9604719974039868,0.8385806959267113
paradise_lost.txt,paradise_lost.txt,5d,200,0.9574296651987928,0.9574296651987928
paradise_lost.txt,divine_comedy.txt,1d,200,0.9344983831281856,0.9225450410866504
shakespeare.txt,paradise_lost.txt,3d,200,0.9357814865237556,0.9199612383274192
iliad.txt,divine_comedy.txt,1d,200,0.9776616450011919,0.8834705380164781
iliad.txt,paradise_lost.txt,5d,200,0.9669555165222359,0.8726630124787027
treasure_island.txt,treasure_island.txt,5d,200,0.976570479477381,0.976570479477381
iliad.txt,iliad.txt,1d,200,0.9739359316697135,0.9739359316697135
iliad.txt,shakespeare.txt,3d,200,0.9768450805982417,0.7465587307043586
paradise_lost.txt,treasure_island.txt,3d,200,0.9406509159073506,0.9224622090323079
divine_comedy.txt,iliad.txt,5d,200,0.9414398998351269,0.9498775449846089
paradise_lost.txt,shakespeare.txt,1d,200,0.9377091329826445,0.8320216117392834
shakespeare.txt,treasure_island.txt,3d,200,0.9553301386855869,0.9199051947385627
divine_comedy.txt,divine_comedy.txt,3d,200,0.9453209413352315,0.9453209413352315
treasure_island.txt,divine_comedy.txt,3d,200,0.9665648805401078,0.9023593883719899
treasure_island.txt,shakespeare.txt,3d,200,0.973300347993278,0.8545929368159049
treasure_island.txt,treasure_island.txt,3d,200,0.9676572325041265,0.9676572325041265
iliad.txt,shakespeare.txt,5d,200,0.9779483587868282,0.7678047831037473
paradise_lost.txt,treasure_island.txt,5d,200,0.9395192236821609,0.9242913224668909
paradise_lost.txt,iliad.txt,3d,200,0.9462508684061947,0.9499737745201385
shakespeare.txt,shakespeare.txt,5d,200,0.9607235421592506,0.9607235421592506
divine_comedy.txt,shakespeare.txt,3d,200,0.9464764604446777,0.8108513588953794
paradise_lost.txt,paradise_lost.txt,3d,200,0.9421252717047728,0.9421252717047728
iliad.txt,treasure_island.txt,1d,200,0.974102305261825,0.8874738710458175
shakespeare.txt,divine_comedy.txt,1d,200,0.9431579638414725,0.9198948226550124
shakespeare.txt,paradise_lost.txt,5d,200,0.9450499876278196,0.9342024007990266
treasure_island.txt,iliad.txt,1d,200,0.9676589245128225,0.9257481440622256
iliad.txt,paradise_lost.txt,3d,200,0.9740383185149342,0.8486009352219551
shakespeare.txt,iliad.txt,5e,200,0.9210699984285439,0.922149325875613
paradise_lost.txt,shakespeare.txt,3e,200,0.9415880097367703,0.8442882218659432
shakespeare.txt,treasure_island.txt,1e,200,0.9505692957490468,0.9043859277549918
divine_comedy.txt,paradise_lost.txt,5e,200,0.9537360990238269,0.8603270482209882
divine_comedy.txt,divine_comedy.txt,1e,200,0.9510865940017141,0.9510865940017141
treasure_island.txt,divine_comedy.txt,1e,200,0.9618624513683224,0.893085748547759
treasure_island.txt,paradise_lost.txt,5e,200,0.9698640984379818,0.8916675241325905
divine_comedy.txt,treasure_island.txt,5e,200,0.9480880181090897,0.912878553082189
treasure_island.txt,shakespeare.txt,1e,200,0.9690708494255407,0.8078097914679375
treasure_island.txt,treasure_island.txt,1e,200,0.9692173971057603,0.9692173971057603
iliad.txt,iliad.txt,5e,200,0.9715776361970235,0.9715776361970235
paradise_lost.txt,iliad.txt,1e,200,0.9383089064636696,0.9496355499298097
divine_comedy.txt,shakespeare.txt,1e,200,0.9384859006675063,0.7817757427265531
paradise_lost.txt,paradise_lost.txt,1e,200,0.9236732954203679,0.9236732954203679
paradise_lost.txt,divine_comedy.txt,5e,200,0.9391367259745667,0.94455728328678
iliad.txt,treasure_island.txt,3e,200,0.9729756554579303,0.8970248023105961
shakespeare.txt,divine_comedy.txt,3e,200,0.9456827974585094,0.9111041397390053
iliad.txt,divine_comedy.txt,5e,200,0.9679205975990519,0.8926897130058069
iliad.txt,paradise_lost.txt,1e,200,0.9702836965122876,0.8434171265329239
treasure_island.txt,iliad.txt,3e,200,0.9653059579723524,0.9388037608471287
divine_comedy.txt,paradise_lost.txt,3e,200,0.9574441778945748,0.8524512367527377
treasure_island.txt,paradise_lost.txt,3e,200,0.9665409755056656,0.8665214192652072
divine_comedy.txt,treasure_island.txt,3e,200,0.9454506209285471,0.900082088423797
shakespeare.txt,iliad.txt,3e,200,0.9402380533147363,0.887081678550028
divine_comedy.txt,iliad.txt,1e,200,0.9302910200203697,0.9325024037429267
paradise_lost.txt,shakespeare.txt,5e,200,0.9344208930031699,0.8618850184989921
shakespeare.txt,shakespeare.txt,1e,200,0.9474087313672135,0.9474087313672135
iliad.txt,treasure_island.txt,5e,200,0.9723708823060492,0.9170856313607819
paradise_lost.txt,divine_comedy.txt,3e,200,0.9476012137743263,0.9365325805637614
shakespeare.txt,divine_comedy.txt,5e,200,0.9542317818223469,0.9302835054420441
shakespeare.txt,paradise_lost.txt,1e,200,0.9473108615826897,0.9008553708279464
iliad.txt,divine_comedy.txt,3e,200,0.9762704561534754,0.8894568483502084
treasure_island.txt,iliad.txt,5e,200,0.9668762357397083,0.9528511983346607
iliad.txt,iliad.txt,3e,200,0.970078334257871,0.970078334257871
iliad.txt,shakespeare.txt,1e,200,0.969381939936895,0.7354452010659458
paradise_lost.txt,treasure_island.txt,1e,200,0.9395402660551263,0.8953641425677994
treasure_island.txt,shakespeare.txt,5e,200,0.9783693448690254,0.8604140664991677
divine_comedy.txt,treasure_island.txt,1e,200,0.9393071299058967,0.8833508577395237
treasure_island.txt,divine_comedy.txt,5e,200,0.9677545859498887,0.9171718380655588
treasure_island.txt,paradise_lost.txt,1e,200,0.970080124282489,0.8485107076768631
divine_comedy.txt,paradise_lost.txt,1e,200,0.927277083003076,0.7979031511619521
divine_comedy.txt,divine_comedy.txt,5e,200,0.9571846975965769,0.9571846975965769
shakespeare.txt,treasure_island.txt,5e,200,0.930428967353386,0.9350500303919497
divine_comedy.txt,iliad.txt,3e,200,0.9587226717561511,0.9431031540171303
shakespeare.txt,iliad.txt,1e,200,0.9409697882034719,0.8871121583023349
iliad.txt,divine_comedy.txt,1e,200,0.9734661941728543,0.8762022337055988
iliad.txt,paradise_lost.txt,5e,200,0.9742369888969379,0.8846517682989463
shakespeare.txt,paradise_lost.txt,3e,200,0.9386112627476227,0.9102466910210707
paradise_lost.txt,paradise_lost.txt,5e,200,0.9489337252524142,0.9489337252524142
paradise_lost.txt,divine_comedy.txt,1e,200,0.9324097502771324,0.9345318082984722
divine_comedy.txt,shakespeare.txt,5e,200,0.9598478894680003,0.8392733815276777
shakespeare.txt,shakespeare.txt,3e,200,0.952821218387377,0.952821218387377
paradise_lost.txt,iliad.txt,5e,200,0.9419227765813893,0.961543212986614
paradise_lost.txt,treasure_island.txt,3e,200,0.9417121548773395,0.9244569202298257
iliad.txt,shakespeare.txt,3e,200,0.973663760452015,0.7501067258058065
iliad.txt,iliad.txt,1e,200,0.9720864141264546,0.9720864141264546
treasure_island.txt,treasure_island.txt,5e,200,0.9722570657134647,0.9722570657134647
shakespeare.txt,treasure_island.txt,3e,200,0.9485241334637525,0.9215519587012946
paradise_lost.txt,shakespeare.txt,1e,200,0.948709722836604,0.8055135527994821
divine_comedy.txt,iliad.txt,5e,200,0.9552015353093568,0.9504094048242492
treasure_island.txt,shakespeare.txt,3e,200,0.9755855883174906,0.8382072222785989
treasure_island.txt,divine_comedy.txt,3e,200,0.9733357409674974,0.9131148181425127
divine_comedy.txt,divine_comedy.txt,3e,200,0.9511955255539466,0.9511955255539466
paradise_lost.txt,treasure_island.txt,5e,200,0.9339688368178289,0.9210937724710277
iliad.txt,shakespeare.txt,5e,200,0.9769644985430781,0.7821719840592853
treasure_island.txt,treasure_island.txt,3e,200,0.9697241420940688,0.9697241420940688
iliad.txt,paradise_lost.txt,3e,200,0.9686829302870448,0.8631893897999987
treasure_island.txt,iliad.txt,1e,200,0.966886231512394,0.9366952159862555
shakespeare.txt,divine_comedy.txt,1e,200,0.9543855549549006,0.9104134322785769
shakespeare.txt,paradise_lost.txt,5e,200,0.9376469477600465,0.9256202177041996
iliad.txt,treasure_island.txt,1e,200,0.9738766920518113,0.8811173647583539
paradise_lost.txt,paradise_lost.txt,3e,200,0.9593280465254138,0.9593280465254138
divine_comedy.txt,shakespeare.txt,3e,200,0.9600425066937304,0.8398523976888775
shakespeare.txt,shakespeare.txt,5e,200,0.9597661366069978,0.9597661366069978
paradise_lost.txt,iliad.txt,3e,200,0.9541160485320405,0.9422404594260875
